Time,Latitude,Longitude
0,30.31811504304027,120.0266095188427
1,30.31782882576042,120.0266105383662
2,30.31757666262513,120.0266279171053
3,30.31734216154888,120.0266615212209
4,30.3170785815316,120.0266622440129
5,30.31684792556137,120.0266791579326
6,30.31674089223359,120.0266794221892
7,30.31652797462827,120.026679947859
8,30.31634668281781,120.0266803954412
9,30.31622643598597,120.026680692309
10,30.31595766130001,120.0266813558551
11,30.31573555048157,120.0267138592835
12,30.31547121951477,120.0267143674171
13,30.31525276114806,120.0267147873602
14,30.31515136925277,120.0266833463297
15,30.31490661355427,120.0266997016358
16,30.3145645729653,120.026700452539
17,30.31443735112802,120.026700731832
18,30.3142265665441,120.0267167599212
19,30.31401733122976,120.0267481785059
20,30.31375448908031,120.0267485401274
21,30.31356236711708,120.0267488044466
22,30.31330371281688,120.0267797868906
23,30.31306084695167,120.0267647413828
24,30.31280676364906,120.0267801991074
25,30.31264747261393,120.0267500630957
26,30.31243650394931,120.0267503533195
27,30.31220107703538,120.0267656893446
28,30.31189027824872,120.0267809592896
29,30.31162119514038,120.0267811824723
30,30.31144327258886,120.0267813300424
31,30.31122878152069,120.0267815079402
32,30.31100351463053,120.0267816947725
33,30.31084198657356,120.0267818287392
34,30.31068142692424,120.0267965590782
35,30.31041188991819,120.0268257561807
36,30.31020546017186,120.0268112910666
37,30.30998862946567,120.0268257604884
38,30.30982120467796,120.0268257621929
39,30.30970226404422,120.026825763404
40,30.30960750103292,120.0268543722666
41,30.31863713053163,120.0294095344739
42,30.31848028865737,120.0294720365014
43,30.31834774987793,120.0295188556107
44,30.31820430508908,120.0295784570657
45,30.31804414845665,120.0296182995442
46,30.31792660026903,120.0296746839755
47,30.31781118269655,120.0297237176387
48,30.31767292738832,120.0297789761944
49,30.31751339270898,120.029846110089
50,30.31742319805521,120.0298977481927
51,30.31732843082095,120.0299244120157
52,30.31722934167907,120.0299809651675
53,30.31710348305988,120.0300310102222
54,30.31701917063607,120.0300737015767
55,30.31691955554783,120.0301041449572
56,30.31682700590676,120.0301457191255
57,30.31666720180562,120.0302384919124
58,30.31654247957751,120.0302664992883
59,30.31638034391172,120.0303159992865
60,30.31624710360952,120.0303589295829
61,30.31615522948157,120.0303905677401
62,30.31604604122234,120.0304593932525
63,30.31594361294193,120.0304946547076
64,30.3158385803302,120.0305611468609
65,30.31575334841192,120.0306005967308
66,30.31566946881707,120.0306236584707
67,30.31553117010068,120.0306543146429
68,30.3153963340975,120.0306779289378
69,30.31529202990158,120.0306925803119
70,30.31520619409886,120.0307136823165
71,30.31512132168943,120.0307191289352
72,30.31501240846651,120.030741424359
73,30.31492147864386,120.0307547723598
74,30.31481543929479,120.0307765170669
75,30.3147188947345,120.0307824643918
76,30.31465523508356,120.0307938552509
77,30.31455296526755,120.0308149360919
78,30.314398407221,120.0308388931166
79,30.31430725040373,120.030844274066
80,30.31415788571861,120.030867518122
81,30.31407706861801,120.0308793775864
82,30.31390392805509,120.0308822477299
83,30.31375591902982,120.0308908322031
84,30.31362472015934,120.0308984416392
85,30.31351617329872,120.030863435466
86,30.31342261846557,120.0308418080403
87,30.31328472023961,120.0308572795503
88,30.31318795915346,120.0308633392545
89,30.31294291584651,120.030878685063
90,30.31280870008777,120.0308870902286
91,30.31267135787299,120.0309021403807
92,30.31258337861661,120.0309140087338
93,30.31247941770507,120.0309204121949
94,30.31234347561272,120.0309476275054
95,30.31218860693106,120.0309569276234
96,30.31206965166,120.0309640710328
97,30.31196879068395,120.0309762158584
98,30.31180783491407,120.0309918038609
99,30.31169121547585,120.0310046322764
100,30.31158675035039,120.0310048526376
101,30.31147931753052,120.0310170298308
102,30.31137388107326,120.0310347629259
103,30.31120804377756,120.0310458115088
104,30.31110099169193,120.0310542770194
105,30.31095337687692,120.0310659500916
106,30.31086314293955,120.0310730855603
107,30.31076855774153,120.0310805650806
108,30.31070450385016,120.0310856302543
109,30.31055616550584,120.0310973603054
110,30.31043939646006,120.0311065939104
111,30.31025056386322,120.0311369262326
112,30.3101096135623,120.0311529153928
113,30.3099976740315,120.0311665401283
114,30.30991784867341,120.0311726470079
115,30.30989315437299,120.0310804919426
116,30.30989314292645,120.0310161469641
117,30.30988821114518,120.0309522925156
118,30.30987346536476,120.0308697891059
119,30.3098734469542,120.0307660604369
120,30.30984897821338,120.0306704369779
121,30.30984896251702,120.0305817537042
122,30.30981976415546,120.0304679169859
123,30.30981974769,120.0303745925778
124,30.30981973035431,120.0302763566671
125,30.30980518752838,120.0301611380738
126,30.30980516937549,120.0300581481069
127,30.30978585892782,120.0299689030087
128,30.30978584342629,120.029880804868
129,30.30978582447482,120.0297731297308
130,30.30977138889658,120.0296835168723
131,30.30977136999265,120.0295760054963
132,30.30977134936315,120.029458720859
133,30.30974739552895,120.0293576558492
134,30.30974738354756,120.0292894125627
135,30.30971880076626,120.0291855340256
136,30.30971879140184,120.0291320759522
137,30.30970455987487,120.0290537627537
138,30.3097045454358,120.0289712704182
139,30.30970322042501,120.0288224860705
140,30.30969717909329,120.0287135951991
141,30.30969715827464,120.0285861748531
142,30.30968510886391,120.0284718619792
143,30.30967908498266,120.0283693383319
144,30.30966107166883,120.028219653234
145,30.30965506565189,120.0280932360942
146,30.30965504791982,120.0279843660638
147,30.30965502624269,120.0278513029847
148,30.30964305020584,120.0277198888221
149,30.30963705950538,120.0275878297944
150,30.30961321450922,120.0274526827931
151,30.30961319393328,120.0273260700203
152,30.3096012944081,120.0272015679247
153,30.30960126798421,120.0270389276409
154,30.30960124252842,120.0268823114678
155,30.30960122783768,120.0267919561847
156,30.30960715084881,120.0267063476678
157,30.30959525432464,120.0265342929519
158,30.30962494200204,120.0263887148857
159,30.30959520533889,120.0262332460512
160,30.30959518867472,120.0261308905435
161,30.30955378920293,120.0259615433635
162,30.30955377457015,120.0258715133341
163,30.30954063509144,120.0257882342211
164,30.30955286052648,120.0257285256197
165,30.30954672843189,120.0256549340458
166,30.30954060094987,120.0255588201488
167,30.30954058649756,120.0254618853105
168,30.30954058023004,120.0254198803934
169,30.30953141455042,120.025347096144
170,30.30952531226305,120.0252868238522
171,30.30951618015594,120.0252400692403
172,30.30951617054934,120.0251756143717
173,30.30951008179963,120.0250736826949
174,30.30950400814161,120.0250201617044
175,30.30950097065468,120.0249692959314
176,30.30949188201332,120.0248972556472
177,30.30948147978796,120.0248291970561
178,30.30947899823345,120.0247781672514
179,30.30947651983889,120.0247406694868
180,30.30947157181794,120.0247008290531
181,30.30946909520134,120.024649882569
182,30.28808854367575,120.037861347432
183,30.28808855410109,120.0380021374084
184,30.28810252181189,120.0381418270642
185,30.28814457308139,120.0383222637989
186,30.28816569569794,120.0384553523237
187,30.28816570789427,120.0386181453925
188,30.28817982747133,120.0387450398466
189,30.28817983438726,120.038837145181
190,30.28817984396191,120.0389646760521
191,30.28819399273213,120.0391062259101
192,30.2882579762949,120.0392765148743
193,30.2883081460791,120.0394910443202
194,30.28836591186726,120.0396929526595
195,30.28838769261052,120.03975111613
196,30.28827230821317,120.0397757125519
197,30.28817990456709,120.0397723827882
198,30.28812363049791,120.039770354961
199,30.28807475418615,120.0397685937156
200,30.28797800741718,120.0398000314351
201,30.28787580747753,120.0398168963666
202,30.28782190597954,120.0398147395585
203,30.28775511388717,120.039832688728
204,30.28770873991442,120.0398376147771
205,30.28759740242608,120.0398465291673
206,30.28756499979593,120.0398790326656
207,30.28811149433289,120.0382004953087
208,30.2880506252445,120.038202103212
209,30.28800447151197,120.0382033223947
210,30.28796342044158,120.0382044067847
211,30.28791833981706,120.0381980916025
212,30.28783857379507,120.0381965686547
213,30.28778204047736,120.0381981491789
214,30.28772213986493,120.038199823839
215,30.2876507362922,120.038190973695
216,30.28758891440925,120.0381927973852
217,30.28752415777236,120.0381876068504
218,30.28745272945969,120.0381757326103
219,30.28738661271944,120.0381778868741
220,30.28733690938149,120.0381725980403
221,30.2872841925264,120.0381538075502
222,30.28719208397741,120.0381369091456
223,30.28712376574031,120.0381396267099
224,30.28707432751014,120.0381349548956
225,30.28703947196848,120.0381165695964
226,30.28699471822996,120.0381185338176
227,30.28693041951733,120.0381116202119
228,30.28686740428274,120.0380984189525
229,30.28680885492236,120.0380980466455
230,30.28673561913646,120.0380890193081
231,30.28667950132403,120.0380887409657
232,30.28662440345637,120.0380853797486
233,30.2865495191974,120.038077084343
234,30.28647936567605,120.0380718442591
235,30.28642782962396,120.0380687415195
236,30.28636050783959,120.0380666565856
237,30.28630286780063,120.0380699861541
238,30.28623839400552,120.0380621523537
239,30.28617536554096,120.0380659227354
240,30.28611881838168,120.0380608211839
241,30.28605345554654,120.0380508595608
242,30.28599691522884,120.0380517088432
243,30.28596067046666,120.0380485510673
244,30.28590603374122,120.0380439721724
245,30.28585250284396,120.0380394859402
246,30.28581589838778,120.0380366506427
247,30.28574641384831,120.038041485647
248,30.28571782500642,120.0380356090391
249,30.28567230964111,120.0380388463376
250,30.28563817269715,120.0380412743363
251,30.32079989950677,120.0291651860362
252,30.320799899218,120.0291463279422
253,30.32079792324803,120.0291316125164
254,30.32079891041097,120.0291106913017
255,30.32079891007194,120.0290886988299
256,30.32079693552103,120.0290656628313
257,30.32079594929201,120.0290468361644
258,30.32079594896702,120.0290259155721
259,30.3207959486412,120.0290049949796
260,30.32079594837993,120.028988258503
261,30.32079594806899,120.0289683839434
262,30.32079594775729,120.0289485093776
263,30.32079496226438,120.0289276447215
264,30.32079397760776,120.0289109772421
265,30.32079201076962,120.028888125348
266,30.32079397696299,120.02887021402
267,30.32079201013998,120.028848438395
268,30.32079102759097,120.0288192936025
269,30.32079004600791,120.0288026945326
270,30.32079004577395,120.0287880844322
271,30.32076864930913,120.0287935957244
272,30.32075236394493,120.0287984913299
273,30.32072506958976,120.0288055602444
274,30.32071026709938,120.0288101952763
275,30.32068388957515,120.0288200163532
276,30.32066514330703,120.0288259360578
277,30.32064668722181,120.0288317641276
278,30.32063195453305,120.0288381392691
279,30.32060977366805,120.0288451734256
280,30.32058966722517,120.0288528792944
281,30.32057563387845,120.0288561101807
282,30.32055611008011,120.0288655036377
283,30.32053770889209,120.0288727925262
284,30.3205236159864,120.0288774141252
285,30.32051201581358,120.0288821413389
286,30.32050126147059,120.0288860393175
287,30.32049197869666,120.0288890628593
288,30.32048151229873,120.0288935361327
289,30.32047311811618,120.0288977549705
290,30.32046039196167,120.0289030216302
291,30.32044974997035,120.0289073595223
292,30.32043804190392,120.0289117455548
293,30.32042652545747,120.0289167113441
294,30.32041578765232,120.0289208990285
295,30.32040579698348,120.0289249736171
296,30.32039136389398,120.0289306358515
297,30.3203817212062,120.0289339394763
298,30.32037388220153,120.0289370677236
299,30.32036503398117,120.0289402428022
300,30.32035630155825,120.0289427575518
301,30.3203466132185,120.0289465457365
302,30.32033653907751,120.0289497059058
303,30.32032817445727,120.0289521066832
304,30.32031991631913,120.0289550786896
305,30.32031125642353,120.028957448092
306,30.32030321155262,120.0289597540438
307,30.32029078366394,120.0289630439528
308,30.32028187332248,120.0289680654573
309,30.32026718344549,120.0289711704142
310,30.32025365109488,120.0289741775939
311,30.3202383920723,120.0289783497893
312,30.320224282755,120.0289813247738
313,30.32021035941167,120.0289874988118
314,30.32019935211042,120.0289923797903
315,30.32018755703784,120.0289961864847
316,30.32017589443104,120.029001012124
317,30.32016685562759,120.0290029556508
318,30.32015711002485,120.029007111794
319,30.32014823596084,120.0290090737016
320,30.32013730442653,120.0290125273345
321,30.32012868535212,120.0290164866427
322,30.32012017606652,120.0290197130798
323,30.32011177448504,120.0290222205614
324,30.32010416593641,120.0290253341216
325,30.32009596517119,120.0290277763981
326,30.32008920914699,120.0290301216722
327,30.32007986754608,120.0290332321564
328,30.32007131292363,120.0290349537728
329,30.32006351669698,120.0290385831874
330,30.32005390406967,120.0290409510137
331,30.32004631808438,120.0290451396938
332,30.32003758227872,120.0290480433308
333,30.32002957877955,120.0290508852341
334,30.32002288653568,120.0290530182994
335,30.3200174646878,120.0290544602438
336,30.32000853371235,120.029057252135
337,30.32000265174545,120.0290592982241
338,30.31999451197336,120.0290626239697
339,30.31998762168785,120.0290646494007
340,30.31998137465462,120.0290678606684
341,30.31997463377987,120.0290710496031
342,30.31996741692058,120.0290742120902
343,30.31996137882676,120.0290767193837
344,30.31995378316679,120.0290792222966
345,30.3199468179477,120.0290822802965
346,30.3199394097979,120.0290853060266
347,30.31993313523229,120.0290877012543
348,30.31992590115066,120.0290900743951
349,30.31992078988249,120.0290918339921
350,30.31991371108781,120.0290947319574
351,30.31990721701055,120.0290964492728
352,30.31990030700694,120.0290987145724
353,30.31989493755864,120.0291015271642
354,30.31988913902861,120.0291037446445
355,30.31988340119428,120.0291053782104
356,30.31987819401878,120.0291075582326
357,30.31987163816855,120.0291096977985
358,30.31986516106391,120.0291129143323
359,30.3198592158438,120.0291155534256
360,30.3198519885179,120.0291175887536
361,30.31984707630477,120.0291201916842
362,30.31984120508193,120.0291218242269
363,30.31983564069826,120.0291244660287
364,30.31983113486305,120.0291247371208
365,30.31982469969649,120.0291278460065
366,30.31982029446001,120.0291294531996
367,30.31981400211757,120.0291315993519
368,30.31980731762381,120.0291341876266
369,30.31980072642713,120.0291354128385
370,30.3197946879235,120.0291383559473
371,30.31978827128044,120.0291404090434
372,30.31978329130344,120.0291419404446
373,30.31977747456271,120.0291439252266
374,30.31977173089149,120.0291458850748
375,30.31976692691404,120.0291469339263
376,30.31976217348269,120.0291492441192
377,30.3197553479675,120.0291520256559
378,30.31974820849267,120.0291547785575
379,30.31974323726945,120.0291570129086
380,30.3197375076188,120.029159244395
381,30.31973225363614,120.0291622570865
382,30.31972825487319,120.0291643930496
383,30.31972232523191,120.029166952404
384,30.31971338935169,120.029171932436
385,30.3197053912603,120.0291744203919
386,30.31969939776156,120.0291772428868
387,30.31969202474572,120.0291792486434
388,30.31968442174299,120.0291835447983
389,30.31967590155939,120.0291862229499
390,30.31966790063565,120.0291896079286
391,30.31966378843897,120.0291907072137
392,30.31965702736988,120.0291928891291
393,30.31964840683005,120.0291964861415
394,30.31964287083349,120.0291993337228
395,30.31963773129537,120.0292010530641
396,30.31962983503475,120.0292059326329
397,30.31962056939211,120.0292085139133
398,30.31961361602201,120.0292121740657
399,30.31960737782725,120.0292143891707
400,30.31960211275429,120.0292162587303
401,30.31959778175356,120.0292177966106
402,30.31959236817162,120.029220636311
403,30.31958731259078,120.0292231084067
404,30.31958287723852,120.0292262581483
405,30.31957316182223,120.0292286989698
406,30.31956308089965,120.0292350481036
407,30.31955453802741,120.029239194653
408,30.31954258744715,120.0292417800927
409,30.31953287706863,120.0292465126879
410,30.31952192170464,120.0292511467377
411,30.31951044451278,120.0292542946952
412,30.31950310592875,120.029259628421
413,30.31948928340141,120.02926395942
414,30.31948213956141,120.0292678024006
415,30.31947250277382,120.0292714953381
416,30.31946424715932,120.0292738432836
417,30.31945545479142,120.029278163519
418,30.31943939060514,120.0292827130921
419,30.31942426018241,120.0292891880585
420,30.31941532662833,120.029290641993
421,30.31940533024375,120.0292946220669
422,30.31939201792586,120.0292976742786
423,30.3193800713473,120.0293033184115
424,30.31937221482835,120.0293059652283
425,30.3193616875937,120.0293102820376
426,30.31935022962561,120.0293150798744
427,30.31934108754961,120.0293174789434
428,30.31932733107288,120.0293250220168
429,30.31931693032794,120.029330866854
430,30.31930719196154,120.0293317936239
431,30.31929508470024,120.0293373068393
432,30.31928466412868,120.02934167687
433,30.31927634425994,120.0293461885273
434,30.31925841672441,120.0293538654597
435,30.31924373604254,120.0293597273231
436,30.3192238432617,120.0293679954099
437,30.31920340075458,120.0293778199331
438,30.31919200304016,120.0293809182904
439,30.31917640484448,120.0293897969764
440,30.31916526952359,120.0293911111748
441,30.3191483474197,120.0293997552402
442,30.31913084649664,120.0294057396974
443,30.31911361330405,120.0294149370158
444,30.31909664166106,120.0294215352415
445,30.31908150677938,120.0294248603266
446,30.31906579679897,120.0294313327605
447,30.3190457055053,120.0294366465072
448,30.31902522827496,120.0294441985343
449,30.31900513418992,120.0294516092642
450,30.31898903722788,120.0294645954602
451,30.31896961141578,120.0294639658343
452,30.31894914102406,120.0294739603842
453,30.31892906724222,120.0294792137232
454,30.31890535238415,120.029490018256
455,30.31888677150332,120.0294920999221
456,30.31886339822159,120.029501768465
457,30.31884769395479,120.02951012395
458,30.3188165242447,120.0295199298868
459,30.31878566891006,120.0295206452404
460,30.31875729415625,120.0294677646423
461,30.31875295167299,120.029422867838
462,30.31874212368729,120.0293711661732
463,30.3187334889399,120.0293196861515
464,30.31873133376702,120.0292840038182
465,30.31872273006148,120.0292483125574
466,30.31870773273631,120.0291971928701
467,30.31868855996401,120.0291397406186
468,30.318686436634,120.0290977539929
469,30.31866950869057,120.0290517840129
470,30.31865687492194,120.0289861220996
471,30.31865477389942,120.0289400126109
472,30.31864220289633,120.0289076720736
473,30.31862760329095,120.0288493131737
474,30.31862760266482,120.0288120913744
475,30.31860274175018,120.0287592780524
476,30.31859038886223,120.0287058400407
477,30.31858218186905,120.0286457143612
478,30.31856583739248,120.0285909653732
479,30.31855769864227,120.028533413012
480,30.31854553296014,120.0284592588817
481,30.31852336080966,120.0283739383782
482,30.31851533870611,120.0282805839431
483,30.3184973721574,120.0282170906148
484,30.31847753932044,120.0281607541047
485,30.31846570428059,120.0281096729713
486,30.31846373567729,120.0280589545167
487,30.31845391662884,120.0280077915086
488,30.31844217815703,120.0279635939664
489,30.31842466952311,120.0278954020752
490,30.31841125627146,120.0278353741686
491,30.31839787761411,120.0277709782257
492,30.31837122405774,120.0276877982706
493,30.31837122350048,120.0276201266337
494,30.31834470690987,120.0275465475779
495,30.31832710428774,120.0274423012495
496,30.31830518584024,120.0273606812481
497,30.3182964443574,120.0272976750469
498,30.318287717642,120.0272213513326
499,30.31827465566047,120.0271406284066
500,30.3182486318301,120.0270288353116
501,30.31823998616759,120.0269397328888
502,30.31821413829635,120.0268377128365
503,30.31819697896688,120.0267581589763
504,30.31819269763162,120.0266784611409
505,30.31816708852161,120.0265598836723
506,30.31813737387119,120.0263980466082
507,30.3180994253122,120.0262553691092
508,30.31809522572614,120.0261722558425
509,30.3180784647993,120.026077206404
510,30.31803680764182,120.0259937509425
511,30.31803265941769,120.0258458105963
512,30.31800785047859,120.025722461405
513,30.31798316510931,120.0256561682632
514,30.31798316388052,120.0255519622384
515,30.31796268498103,120.0254163006862
516,30.31794229101331,120.0253417342328
517,30.31793415591135,120.0252350878636
518,30.31790175277993,120.0251289214039
519,30.31788160813479,120.0250425064784
520,30.31784954715422,120.0248904103205
521,30.31783757756317,120.0247988676949
522,30.31782563712682,120.0247075483056
523,30.31780976227384,120.0246216864449
524,30.31777628747999,120.0244435812475
525,30.31776372822698,120.0242934179952
526,30.31775745698266,120.0241761489089
527,30.31775745776563,120.0240655596053
528,30.31773242393408,120.0239483591548
529,30.3177324248484,120.0238119828057
530,30.31770747691439,120.0236500356139
531,30.31769503501252,120.0235530759371
532,30.31767021462683,120.0233984514247
533,30.31767021558429,120.0232303241636
534,30.31762698215927,120.0231097827841
535,30.31762082761853,120.0229618907888
536,30.31759013032154,120.0227902219789
537,30.31757177449392,120.0226503183832
538,30.31756566653871,120.0225288636804
539,30.31751092318736,120.022329364177
540,30.31751092348337,120.0222334305748
541,30.31745659403759,120.0220740314356
542,30.31742060221732,120.0219324197532
543,30.31741462137638,120.0217744208326
544,30.31726085409127,120.0218663246738
545,30.31715056632859,120.0219257665038
546,30.31707609458591,120.0219672101502
547,30.31700805136008,120.0220136214569
548,30.31692392690809,120.0220802026189
549,30.31682981242739,120.0221169187782
550,30.31674240166459,120.0221524438487
551,30.31668295221955,120.0222022186104
552,30.31658678506311,120.022250096125
553,30.31651292839749,120.0222948007134
554,30.31643469216394,120.0223455366987
555,30.31636249386263,120.0223833350073
556,30.31628600458687,120.0224271403245
557,30.31621039590913,120.0224762574533
558,30.31608629790501,120.0225703163446
559,30.31600810534226,120.0225897277431
560,30.31595489423795,120.022629310984
561,30.31586401412878,120.0226665472886
562,30.31574172265879,120.0227399686824
563,30.31567684283466,120.0227458790651
564,30.31556263449096,120.0228170872121
565,30.31550406530404,120.0228496433743
566,30.31542548051253,120.0228722826968
567,30.31536716945599,120.0228957953356
568,30.31531269828843,120.0229209172394
569,30.31524990816989,120.0229416244461
570,30.31521209372642,120.0229477165947
571,30.31514510086169,120.0229846288817
572,30.31507560906467,120.023000166351
573,30.31499327333842,120.023034590283
574,30.31494905971786,120.0230494308568
575,30.31491801995905,120.0230630180051
576,30.31488742057765,120.0230676035857
577,30.3148413354094,120.0230885975529
578,30.31481181038523,120.0230994139529
579,30.3147884850219,120.0230989235186
580,30.31473882312335,120.023121617533
581,30.31469771303225,120.023137003757
582,30.31464836349371,120.0231547176511
583,30.31460902382542,120.0231715076584
584,30.31457217973043,120.0231736007899
585,30.31453600722372,120.0231837419124
586,30.31449546634562,120.023187962379
587,30.31445084560134,120.0232042269007
588,30.31439968102731,120.0232248384582
589,30.31435602204966,120.0232343784891
590,30.31433291715931,120.0232425681908
591,30.31426999430829,120.0232663059597
592,30.31423696389422,120.0232713666673
593,30.31418925252587,120.0232853042069
594,30.31415612783135,120.0232917877282
595,30.31412359468708,120.0233045880455
596,30.3140945192716,120.0233090670496
597,30.31404054655299,120.0233286937267
598,30.31400866197792,120.0233330361326
599,30.31398004916628,120.0233510993964
600,30.31395722726643,120.0233533806179
601,30.31392551482612,120.0233635242662
602,30.31388796618678,120.0233751588906
603,30.31384498249539,120.0233970748548
604,30.31381774814531,120.0233976268584
605,30.31379216379023,120.0234127506769
606,30.31375984594055,120.0234219385695
607,30.31372351700564,120.0234267058806
608,30.31369066112842,120.0234363591714
609,30.3136644358481,120.0234439269063
610,30.31363980149418,120.0234478399608
611,30.31360424855906,120.0234564261111
612,30.31357874137067,120.0234669547071
613,30.31355672529875,120.0234727612295
614,30.31353607536141,120.0234784606508
615,30.31351290074401,120.0234873789378
616,30.31348548560218,120.0234972019437
617,30.31345322521921,120.0235046061314
618,30.31342982540129,120.0235097636918
619,30.31340776490412,120.0235148289054
620,30.31337928355053,120.0235217850367
621,30.31334718817539,120.0235315351952
622,30.31331972718492,120.0235382522379
623,30.31328802950818,120.0235538595675
624,30.31324624926477,120.0235693095365
625,30.31321154351598,120.0235770533625
626,30.31317034955168,120.0235946815339
627,30.31314445991919,120.0235976787943
628,30.31311063690101,120.0236104484753
629,30.31308304129325,120.0236160206345
630,30.31305999463775,120.0236297398523
631,30.31303071316533,120.0236309370874
632,30.31298662523923,120.0236601119784
633,30.31294637212851,120.0236686741002
634,30.31291209646847,120.0236771042564
635,30.31285645372714,120.0236962102511
636,30.31282664648495,120.0237091550705
637,30.31279639556682,120.0237242581529
638,30.31277770516425,120.0237234606958
639,30.31275177406678,120.0237382787638
640,30.31272531396434,120.0237454693596
641,30.3127076337203,120.0237445445111
642,30.31267703240687,120.0237595886475
643,30.31265012567592,120.0237732868519
644,30.31262283569083,120.0237842947314
645,30.31260371378411,120.0237898655281
646,30.31258116398254,120.0237950637375
647,30.31254829381641,120.0238080960181
648,30.3125228073315,120.023813285798
649,30.31249144848208,120.0238249077384
650,30.31246385728902,120.023834304272
651,30.31243359149482,120.0238416236086
652,30.31240943139219,120.023846946372
653,30.31238345177987,120.0238590754471
654,30.31235984903807,120.023868294733
655,30.31233611485962,120.0238755517224
656,30.31231228799077,120.0238859230784
657,30.3122928295869,120.0238928245575
658,30.31227600137639,120.0238947474947
659,30.3122503593789,120.0239059439808
660,30.31223578081644,120.0239140977932
661,30.31221743245784,120.0239195360912
662,30.31220676341875,120.0239260197298
663,30.31218715549962,120.0239318739469
664,30.31217119862561,120.023938541916
665,30.31215496031045,120.0239457794001
666,30.31212826508107,120.0239541622493
667,30.31209482394488,120.0239608121238
668,30.31207004927953,120.0239685425503
669,30.31204032020989,120.0239748879975
670,30.31200495952859,120.0239842930249
671,30.31196755563445,120.0239845690519
672,30.31193131834619,120.0239934746218
673,30.31191167072997,120.0239940211957
674,30.31187808751551,120.0240068201378
675,30.31185008370515,120.0240121368356
676,30.31182367266507,120.0240163279687
677,30.31178045556227,120.0240267681387
678,30.31175736646168,120.0240307374245
679,30.31173063966094,120.024041315254
680,30.31169976657365,120.0240474686881
681,30.31167446802363,120.0240518047699
682,30.31161206873002,120.0240700268386
683,30.31155980193298,120.0240826811528
684,30.31150218836657,120.0240928786786
685,30.3114540722589,120.024107217222
686,30.31140071463248,120.0241233005764
687,30.3113484231247,120.0241473898262
688,30.31128742519078,120.0241583984219
689,30.31122594782001,120.0241731653464
690,30.31117707389691,120.0241818854414
691,30.31113461972205,120.0241906116205
692,30.31109287894571,120.0242011703083
693,30.31104476517223,120.0242054166206
694,30.31098722068817,120.0242208242861
695,30.31093607312886,120.024232254636
696,30.31090756842191,120.0242424976737
697,30.31086135500126,120.0242404648941
698,30.31080324516424,120.0242658505477
699,30.31077472632703,120.0242829374479
700,30.31073879222197,120.0242883434501
701,30.31069275534864,120.02430396598
702,30.31063279584982,120.0243237149936
703,30.31058451226971,120.0243454310956
704,30.31050073058706,120.0243706002245
705,30.31045036043446,120.0243790652813
706,30.31037911352472,120.0243999975702
707,30.31031488091677,120.0244125248085
708,30.31025465972373,120.0244249496985
709,30.31018810464559,120.0244419534632
710,30.31011324490462,120.0244472096978
711,30.31004037863165,120.0244654067863
712,30.30997877964002,120.0244709620798
713,30.30990942751413,120.0244960674431
714,30.3098418543802,120.0245129688257
715,30.3097977603196,120.024553980946
716,30.30975225921262,120.0245643541643
717,30.30968235757839,120.0245792433227
718,30.3096265715792,120.0246071570003
719,30.30958603810942,120.0246121752205
720,30.30953038598767,120.0246247509379
721,30.30947405151313,120.0246438370748
722,30.30939551682601,120.0246698468149
723,30.30927561560204,120.024690686789
724,30.30918767321364,120.0247122736595
725,30.30909873754049,120.0247330791908
726,30.30900571793497,120.0247465866846
727,30.3089281691738,120.0247667501321
728,30.30882160349472,120.0247873157249
729,30.30874260695484,120.0248059366997
730,30.30866860048308,120.0248272815357
731,30.30861933192035,120.0248440937165
732,30.30853439864056,120.02486330746
733,30.30849011840231,120.0248681213717
734,30.30841159936415,120.0249096141903
735,30.30833524297341,120.0249359089887
736,30.30829400882144,120.0249316380557
737,30.30823331040067,120.0249584548034
738,30.30816662747502,120.0249593096973
739,30.30810634481343,120.024982228123
740,30.30802190821882,120.0249856038051
741,30.30789570484064,120.0250459225581
742,30.30779006704807,120.0250970631213
743,30.30769447703099,120.0251545962727
744,30.30760005521511,120.0252035287862
745,30.30746475577222,120.0252715101459
746,30.30734005960332,120.0253220328212
747,30.30722550551877,120.0253864244727
748,30.30710468230776,120.0254810898368
749,30.30700153397331,120.0255654487031
750,30.3068998070384,120.0256109573994
751,30.30680714196613,120.0256777623348
752,30.30671564103815,120.0257511707387
753,30.30660286856176,120.0258176438712
754,30.30649918818069,120.025897330735
755,30.30638975030293,120.0259835212858
756,30.30631055751766,120.0260526436523
757,30.30623224631854,120.026135385056
758,30.30611291948926,120.026225797601
759,30.30599561041867,120.0263005359266
760,30.30589373779232,120.0263877389932
761,30.30579336278737,120.0264666913551
762,30.30570755737715,120.0265512640135
763,30.30560989100735,120.0266210875239
764,30.30553277209347,120.0267172289051
765,30.30545022374535,120.0267578769812
766,30.30536869443387,120.0268385246981
767,30.30528201150194,120.0269180803799
768,30.30522688874496,120.0269906107064
769,30.30517222990619,120.0270625305448
770,30.30510006292511,120.0271398549647
771,30.30502869664081,120.027209745851
772,30.30495811800693,120.0272788653491
773,30.30487675416155,120.0273336404107
774,30.3047907258264,120.0274132195955
775,30.30472274185339,120.0274607035848
776,30.30467782659817,120.0274899431636
777,30.30459447607987,120.0275608786756
778,30.30453405885796,120.0276451667164
779,30.30444183980791,120.0277133649985
780,30.30436161107341,120.0277503324362
781,30.30428243024602,120.0278177759509
782,30.30423021521798,120.02788074564
783,30.30415787012794,120.0279594128961
784,30.30410163681562,120.0280083623607
785,30.30404089336992,120.0280744763398
786,30.30397578595653,120.0281513740613
787,30.30386364171004,120.0282453170328
788,30.30379622617234,120.0282805252624
789,30.30369650569685,120.0283784534994
790,30.30361141228441,120.0284134617913
791,30.30350833961504,120.0284729903762
792,30.30344482831824,120.0285119145941
793,30.3033446321924,120.0285934915021
794,30.30330750129219,120.0285948955954
795,30.30320964627229,120.0286982631726
796,30.30311940628235,120.02874741789
797,30.30298960871163,120.0288484018976
798,30.30287988318786,120.0289014209618
799,30.30282865614566,120.0289360163245
800,30.30274432242085,120.0289760988083
801,30.30263933473278,120.0290434492641
802,30.30255786307918,120.0291207343693
803,30.30246699638211,120.0291692948032
804,30.30237244459293,120.0292604080315
805,30.30228979431728,120.0292963335885
806,30.30221347575449,120.0293478999512
807,30.30210847713527,120.0294082510291
808,30.30203964707145,120.0294478131407
809,30.30196210106255,120.0294655316476
810,30.30182450436258,120.0295471904523
811,30.30176865253381,120.029600648064
812,30.30162271194512,120.0296528501212
813,30.3015160316807,120.0296960011926
814,30.3014030471956,120.0297523926737
815,30.30131790920174,120.0298046662638
816,30.30123426801788,120.0298463261357
817,30.30111711589431,120.0299062734911
818,30.30101110230068,120.0299578052148
819,30.30091918832602,120.0300143170745
820,30.30081681476618,120.0300810567024
821,30.30069874941179,120.0301460940565
822,30.30057745942552,120.0302207087755
823,30.30050934887998,120.0302736831143
824,30.30038667713316,120.0303617945776
825,30.30028836862662,120.0304383232926
826,30.3001971739576,120.0305084180458
827,30.30010754243078,120.0305826418813
828,30.30000404044319,120.0306596595763
829,30.29989254771769,120.030708170399
830,30.29968159131052,120.0308451271086
831,30.29954586732597,120.030951583068
832,30.29937869555582,120.0311002458323
833,30.29921421884663,120.0312365690066
834,30.2991275798043,120.0313440177051
835,30.29894590810505,120.0314883844162
836,30.29883009235375,120.0315959093497
837,30.29869493931311,120.0317231483613
838,30.29856161411692,120.0318486664872
839,30.2984200365341,120.0320113452965
840,30.29830030297743,120.032142143011
841,30.29821146742641,120.0322604500211
842,30.29810399421494,120.0324161070815
843,30.29795935810098,120.0325806525246
844,30.29781689705257,120.0328167724857
845,30.29770445841393,120.0330031319428
846,30.29759335217883,120.0331598430042
847,30.29749265825638,120.0333329492364
848,30.29733915870237,120.0334852934722
849,30.29718817954776,120.0335725056082
850,30.29704833436921,120.0337029002191
851,30.29694485149228,120.0337971828335
852,30.29678340360053,120.0339143867634
853,30.29662482714235,120.0339601433289
854,30.29650978313898,120.0341275300336
855,30.29641235742649,120.0341995283357
856,30.29633199586651,120.0343313913109
857,30.29624444774796,120.0344445045131
858,30.2960875084724,120.0345930104797
859,30.29599470480579,120.0346440393261
860,30.29589529769517,120.0347270980558
861,30.2957670422898,120.0348310879345
862,30.29565547851923,120.0349022635333
863,30.29557460303299,120.0349674513198
864,30.29544393847867,120.0350507057907
865,30.29532950773171,120.0351503968789
866,30.29508120735613,120.0352816423114
867,30.29493056224341,120.0353547561692
868,30.29478237454208,120.0354359467324
869,30.29461594650894,120.0355100740359
870,30.29452367494173,120.035562021833
871,30.29434196429875,120.0356824097847
872,30.29416392519538,120.03572874772
873,30.29400867288335,120.0358332301665
874,30.29390353393752,120.0359111518295
875,30.29372491210692,120.0359991075436
876,30.29358650006836,120.0360540528109
877,30.29347738591138,120.0361042469195
878,30.29334296231882,120.0361234340625
879,30.29319321087025,120.036220882384
880,30.29308050195222,120.0362448430749
881,30.29295236262632,120.0363207755499
882,30.29282621638592,120.0363707341559
883,30.29272670700309,120.0364331396648
884,30.29256356262524,120.0364785474815
885,30.29246726571193,120.0365069655534
886,30.29234853380879,120.0365700689535
887,30.29225482946264,120.0365895829293
888,30.29216224553156,120.0366247088097
889,30.29206318855791,120.0366918096956
890,30.29192810975189,120.0367076863339
891,30.29184673237966,120.0367638133934
892,30.29173715650101,120.0368071706336
893,30.29162916037459,120.0368575514722
894,30.29154387641784,120.0368821269761
895,30.29143167375884,120.0369169750734
896,30.29136240733647,120.0369394268048
897,30.29127333114375,120.0369563542661
898,30.29119880580758,120.0370087960596
899,30.29111170812195,120.037039882002
900,30.29102565352933,120.0370632570686
901,30.29090819173188,120.0371259548716
902,30.29077356964604,120.0371605656811
903,30.29063525590865,120.0372022435606
904,30.29055480304644,120.0372664841267
905,30.29048135679954,120.0372588848128
906,30.29033679000665,120.0373277359253
907,30.2900737707214,120.0374324528985
908,30.28998834435609,120.0374460482175
909,30.28992078736501,120.0374513833339
910,30.28985946339376,120.0374629650359
911,30.28981522126064,120.0374664361672
912,30.28973306680978,120.0374728817871
913,30.2895925132781,120.0374985951095
914,30.28949008062517,120.037507081594
915,30.28942163736778,120.0375127520514
916,30.28934627286949,120.0375189959029
917,30.28926820204521,120.0375254639435
918,30.2891952048402,120.037545168753
919,30.28913836199538,120.0375497957446
920,30.28907476463967,120.0375864321491
921,30.2890156896616,120.0375910412075
922,30.28890692050885,120.0375995273914
923,30.28877488668607,120.0376563248676
924,30.28866216311233,120.0376849533758
925,30.2885627984289,120.0377117465527
926,30.28846535005928,120.0377277395552
927,30.28839084731147,120.0377411008897
928,30.28829667551952,120.0377818197732
929,30.28813359775983,120.0378639321665
930,30.2879952727233,120.0378778420653
931,30.28795647506715,120.0378817435212
932,30.28788842764389,120.03786949531
933,30.28775031573452,120.0378488716346
934,30.28761703586365,120.0378227093739
935,30.28750418315473,120.037808649397
936,30.28739160159455,120.0378104092641
937,30.2872853951283,120.0378059204854
938,30.28715909139538,120.0377944532029
939,30.28705112895916,120.0377765091364
940,30.28698189179007,120.0377676398375
941,30.28690865512729,120.0377565577895
942,30.28680819416054,120.0377621401301
943,30.28672841868375,120.0377522723625
944,30.28665798419692,120.037747433505
945,30.28651676446843,120.0377384944602
946,30.28639524927294,120.0377522079094
947,30.28628711541917,120.0377414433032
948,30.28619766398402,120.0377371888932
949,30.28612333426966,120.0377368314356
950,30.28602136000494,120.037739001755
951,30.28593678459488,120.0377493205302
952,30.2858456077643,120.0377523818496
953,30.28575528313081,120.0377503352333
954,30.28564030186417,120.0377338510759
955,30.28562760294875,120.0379183972884
956,30.28563091611339,120.0383208465591
957,30.28564453509093,120.0385363247193
958,30.2856627538675,120.0387326905078
959,30.28565818944218,120.0388852190382
960,30.28567619273145,120.039045358785
961,30.2856762012765,120.0391647162521
962,30.28569338767012,120.0392394858357
963,30.28575837058253,120.039330411046
964,30.28584637346382,120.0393371616378
965,30.28590892703662,120.0393587664489
966,30.28606884056257,120.0393622482002
967,30.28613896594228,120.0393637750289
968,30.28628703223253,120.0393669988704
969,30.28640962725794,120.0393589677017
970,30.28653009793225,120.0393344061663
971,30.28665339192486,120.0393366470744
972,30.28678493135699,120.0393390378617
973,30.28703007575755,120.0393605009245
974,30.28713128206625,120.0393624964939
975,30.28722281527651,120.0393643013397
976,30.28739856064683,120.0393619081508
977,30.28751274198777,120.03936410091
978,30.28760451752679,120.0394016499122
979,30.28759220910972,120.0395264956644
980,30.28757992735767,120.0396570288993
981,30.28757993555496,120.03974035457
982,30.28757381260039,120.0398887555873
983,30.32075791177487,120.0287773663598
984,30.3208934914851,120.0287024588274
985,30.32102968748976,120.0285785955861
986,30.32116652374793,120.0285353660264
987,30.32128868603042,120.0284913473452
988,30.32144209843953,120.0284483062326
989,30.32158084572795,120.0284044730435
990,30.32178240084698,120.0283462675202
991,30.32200098158226,120.0282717432508
992,30.32214234260253,120.028243592662
993,30.32230019310494,120.0282323875042
994,30.32253851675439,120.0281905461716
995,30.32269844631359,120.0281791281495
996,30.3228592218141,120.0281843534157
997,30.32306949617775,120.0281576658956
998,30.32329757168098,120.0281481309084
999,30.32347796653775,120.0281369737977
1000,30.32367597045392,120.0281262664666
1001,30.32382530185534,120.0280800141489
1002,30.32377539211162,120.0277902886387
1003,30.32367590081737,120.0277200288338
1004,30.3235107907798,120.0276146829845
1005,30.32337933177887,120.0275105953489
1006,30.32318319992524,120.027422459318
1007,30.32303691457799,120.0273357848483
1008,30.32290745950849,120.0272163668585
1009,30.32277854173579,120.0270474088393
1010,30.32263416597499,120.0269122659815
1011,30.32242683934124,120.0268103234986
1012,30.32223670036692,120.0266596072303
1013,30.32204774871435,120.0265098324235
1014,30.32190680167092,120.0263611174704
1015,30.32178206719836,120.0262295087848
1016,30.32159593957157,120.0260821893026
1017,30.32133420861761,120.0257732537653
1018,30.32110517413042,120.0255801996463
1019,30.32090810199468,120.0254528898367
1020,30.32071233091505,120.0253103058956
1021,30.32051784535796,120.025136535768
1022,30.32036911229938,120.0250110391921
1023,30.32023587524171,120.0247739420435
1024,30.32005918856362,120.0246188618317
1025,30.3199419661724,120.0243675399683
1026,30.31988350956223,120.0240992490396
1027,30.31985430925366,120.0238620736366
1028,30.31973790981439,120.0236289981652
1029,30.31956418985033,120.0233364381394
1030,30.31947773003828,120.0232618194685
1031,30.31939152826815,120.0231874231703
1032,30.31930558076878,120.023097516826
1033,30.31921987934496,120.0229450440766
1034,30.31907761501308,120.0227337139187
1035,30.31902089056215,120.0225492880384
1036,30.31895014719854,120.0223505372409
1037,30.31892188945495,120.0222117915098
1038,30.31887955618098,120.0220117368206
1039,30.31887951702192,120.0217618882106
1040,30.31890767413476,120.0215253523751
1041,30.31893586128062,120.0213042135598
1042,30.319020661596,120.0210934554189
1043,30.31907732390442,120.0208847010667
1044,30.31911988838766,120.0206925810548
1045,30.31902060886643,120.0207647191937
1046,30.31882306600933,120.0208458485995
1047,30.3186967999652,120.0209510760189
1048,30.31855715316873,120.021041572403
1049,30.31845980552849,120.0210969050949
1050,30.31827989457469,120.0211748842063
1051,30.31815601031469,120.0212475563009
1052,30.31801899941967,120.0213518557375
1053,30.31780115084971,120.0214625298668
1054,30.31769286665905,120.0215787120549
1055,30.31751778048946,120.0216846196641
1056,30.31738385211921,120.0218323141836
1057,30.31880415182336,120.0295306759997
1058,30.31881728664038,120.0296810798149
1059,30.31883042909671,120.0298466291693
1060,30.31884357462039,120.029982102951
1061,30.31884358498866,120.0300876442376
1062,30.31890936182807,120.0303132497049
1063,30.31893572522909,120.0304942578908
1064,30.31896211066664,120.0306452195167
1065,30.31896213078231,120.0308567567293
1066,30.31900175435274,120.031068501219
1067,30.31901499217159,120.0313256834862
1068,30.31912095166121,120.0315540277848
1069,30.31912097516989,120.0318116347488
1070,30.31918741627103,120.0320707866664
1071,30.31924068282764,120.0322694443174
1072,30.31930740535577,120.0324688892655
1073,30.31930741609916,120.0325905248505
1074,30.31938768976327,120.032775852945
1075,30.3194413356589,120.0329149435468
1076,30.31962986924605,120.032922158671
1077,30.31973817557719,120.0329263035738
1078,30.31986052193751,120.0329309858364
1079,30.32002448128906,120.0329218603736
1080,30.32013432056157,120.0329260340787
1081,30.32024458557888,120.0328993030583
1082,30.32023075962073,120.0326978485546
1083,30.32023074346121,120.0325278250013
1084,30.32023073459633,120.0324350851694
1085,30.32023071227787,120.0322032360606
1086,30.32018931242985,120.0320014067187
1087,30.32018929281157,120.0318006190689
1088,30.32018927455245,120.0316152772205
1089,30.32018925922657,120.0314608260469
1090,30.32017546696678,120.031337129451
1091,30.29603343256438,120.0389315649947
1092,30.29583220428345,120.0389654954619
1093,30.29567854865812,120.0389657431077
1094,30.29554109655036,120.0389825964049
1095,30.29534393949545,120.0389994087214
1096,30.29520839615402,120.0390160488566
1097,30.29505869440085,120.0390325977861
1098,30.29493961112058,120.0390490464644
1099,30.29476210477613,120.0390653844717
1100,30.2945566943454,120.0390978652441
1101,30.29441106702328,120.0391139332074
1102,30.29426634352727,120.0391460897908
1103,30.29409385467875,120.0391779641503
1104,30.29386584671693,120.0391933492683
1105,30.2938516578159,120.0389686873026
1106,30.29385164765609,120.0387922039152
1107,30.29385163641463,120.0385996770078
1108,30.29385162405029,120.0383911066235
1109,30.29383745013532,120.0382790344415
1110,30.29379497976147,120.0379432315236
1111,30.29376670758475,120.0376876783727
1112,30.29376669448488,120.0374794938076
1113,30.29375256289206,120.0372238249993
1114,30.2936961742198,120.0370021988751
1115,30.2936539661877,120.0367324988088
1116,30.29363990635262,120.0365255954406
1117,30.29362585800295,120.0363667141375
1118,30.29358378372786,120.0361777617193
1119,30.29355577714922,120.0360519858362
1120,30.2980236379991,120.0329960155531
1121,30.29804051020929,120.0331690003114
1122,30.29810806903654,120.0333714073975
1123,30.29810808283601,120.0335291297771
1124,30.29812501473959,120.0337376446701
1125,30.29812502697279,120.033877889538
1126,30.29815890474543,120.0340673832553
1127,30.29820980644242,120.0343433224755
1128,30.29820982627825,120.034571603326
1129,30.29822682322498,120.0347457581441
1130,30.29824383944813,120.0350078898448
1131,30.29832900097399,120.035265109006
1132,30.29832901926123,120.0354763273954
1133,30.29832904208075,120.0357403507518
1134,30.29832905726934,120.0359163663532
1135,30.29832907698533,120.0361451870049
1136,30.29832909666828,120.0363740077392
1137,30.29838034705972,120.0367060744574
1138,30.29836328582289,120.0369886798254
1139,30.29838039995146,120.0373227573842
1140,30.29841462493458,120.0375508041869
1141,30.29841464454468,120.0377800138107
1142,30.29841465810375,120.0379386976393
1143,30.29841467465689,120.0381326448453
1144,30.29850041100479,120.0383607032646
1145,30.29850042914476,120.0385726409313
1146,30.2984832881414,120.0388729443763
1147,30.29836344777605,120.0388909599604
1148,30.29819322349724,120.0388914713169
1149,30.29807474590367,120.0388918272221
1150,30.2979232328196,120.0388922823613
1151,30.29782272970247,120.0388925842661
1152,30.2976727289953,120.0389104083644
1153,30.29750711013857,120.0389108482283
1154,30.29730981193527,120.0389113722222
1155,30.29717914635093,120.0389117192463
1156,30.29703296979274,120.038929258343
1157,30.29685547740342,120.0389296679569
1158,30.29664735674647,120.0389641816439
1159,30.29640939523169,120.0389645651845
1160,30.29618937704939,120.0389649197992
1161,30.29617372430155,120.038779574375
1162,30.29617371096545,120.0385942041469
1163,30.29617369999101,120.0384425378663
1164,30.29615805717558,120.0382574218827
1165,30.29615804362054,120.0380721125101
1166,30.29614240580189,120.0378198132236
1167,30.29614238830312,120.0375840419871
1168,30.29611116383241,120.0373661940505
1169,30.29604885176357,120.0371498470253
1170,30.29604883782036,120.03696495717
1171,30.29598668596908,120.03674940516
1172,30.29594015988656,120.0363658982952
1173,30.29590920034559,120.0362167815994
1174,30.29589372831342,120.0360501470662
1175,30.29586281651574,120.0357506864059
1176,30.29577036915235,120.0355063422376
1177,30.29577035994524,120.035389363846
1178,30.29572426593567,120.0352259180141
1179,30.29564764224683,120.0349986535317
